Datetime,Water Level (m)
2025-12-27 06:00:00,-0.15922277
2025-12-27 07:00:00,-0.2308586
2025-12-27 08:00:00,-0.2926919
2025-12-27 09:00:00,-0.30083936
2025-12-27 10:00:00,-0.23087227
2025-12-27 11:00:00,-0.14005357
2025-12-27 12:00:00,-0.053595252
2025-12-27 13:00:00,0.029276421
2025-12-27 14:00:00,0.072344095
2025-12-27 15:00:00,0.056510672
2025-12-27 16:00:00,-0.021036211
2025-12-27 17:00:00,-0.09585352
2025-12-27 18:00:00,-0.16498823
2025-12-27 19:00:00,-0.2325125
2025-12-27 20:00:00,-0.28774345
2025-12-27 21:00:00,-0.28819785
2025-12-27 22:00:00,-0.19896756
2025-12-27 23:00:00,-0.10705785
2025-12-28 00:00:00,-0.019091502
2025-12-28 01:00:00,0.057353627
2025-12-28 02:00:00,0.09286031
2025-12-28 03:00:00,0.06425911
2025-12-28 04:00:00,-0.017240876
2025-12-28 05:00:00,-0.09152198
2025-12-28 06:00:00,-0.16419198
2025-12-28 07:00:00,-0.23946227
2025-12-28 08:00:00,-0.30674165
2025-12-28 09:00:00,-0.3604295
2025-12-28 10:00:00,-0.36329675
2025-12-28 11:00:00,-0.28153837
2025-12-28 12:00:00,-0.1819218
2025-12-28 13:00:00,-0.09201728
2025-12-28 14:00:00,-0.007714057
2025-12-28 15:00:00,0.042759277
2025-12-28 16:00:00,0.034884542
2025-12-28 17:00:00,-0.036770403
2025-12-28 18:00:00,-0.10821434
2025-12-28 19:00:00,-0.17300282
2025-12-28 20:00:00,-0.2396257
2025-12-28 21:00:00,-0.2899174
2025-12-28 22:00:00,-0.30306315
2025-12-28 23:00:00,-0.23185426
2025-12-29 00:00:00,-0.14403637
2025-12-29 01:00:00,-0.06550611
2025-12-29 02:00:00,0.0052071693
2025-12-29 03:00:00,0.04481996
2025-12-29 04:00:00,0.024549333
2025-12-29 05:00:00,-0.051536404
2025-12-29 06:00:00,-0.12488924
2025-12-29 07:00:00,-0.19483839
2025-12-29 08:00:00,-0.2662366
2025-12-29 09:00:00,-0.33584312
2025-12-29 10:00:00,-0.38856667
2025-12-29 11:00:00,-0.39200044
2025-12-29 12:00:00,-0.30789384
2025-12-29 13:00:00,-0.20503084
2025-12-29 14:00:00,-0.10939683
2025-12-29 15:00:00,-0.015769484
2025-12-29 16:00:00,0.045562733
2025-12-29 17:00:00,0.05534907
2025-12-29 18:00:00,-0.00067368615
2025-12-29 19:00:00,-0.0764833
2025-12-29 20:00:00,-0.1438094
2025-12-29 21:00:00,-0.20865989
2025-12-29 22:00:00,-0.26748577
2025-12-29 23:00:00,-0.30296835
2025-12-30 00:00:00,-0.26822016
2025-12-30 01:00:00,-0.17816018
2025-12-30 02:00:00,-0.10162499
2025-12-30 03:00:00,-0.02930388
2025-12-30 04:00:00,0.020019338
2025-12-30 05:00:00,0.014527961
2025-12-30 06:00:00,-0.05451258
2025-12-30 07:00:00,-0.13059762
2025-12-30 08:00:00,-0.20194308
2025-12-30 09:00:00,-0.2729124
2025-12-30 10:00:00,-0.34199032
2025-12-30 11:00:00,-0.40011045
2025-12-30 12:00:00,-0.41015425
2025-12-30 13:00:00,-0.3255335
2025-12-30 14:00:00,-0.21312669
2025-12-30 15:00:00,-0.1085294
2025-12-30 16:00:00,-0.0040155314
2025-12-30 17:00:00,0.0709441
2025-12-30 18:00:00,0.09985735
2025-12-30 19:00:00,0.06357925
2025-12-30 20:00:00,-0.018503258
2025-12-30 21:00:00,-0.09474085
2025-12-30 22:00:00,-0.16516279
2025-12-30 23:00:00,-0.23784606
2025-12-31 00:00:00,-0.2888915
2025-12-31 01:00:00,-0.29042345
2025-12-31 02:00:00,-0.20706181
2025-12-31 03:00:00,-0.120650716
2025-12-31 04:00:00,-0.044677228
2025-12-31 05:00:00,0.017687287
2025-12-31 06:00:00,0.032657467
2025-12-31 07:00:00,-0.024022453
2025-12-31 08:00:00,-0.10498269
2025-12-31 09:00:00,-0.1766885
2025-12-31 10:00:00,-0.25094384
2025-12-31 11:00:00,-0.32547134
2025-12-31 12:00:00,-0.38840115
2025-12-31 13:00:00,-0.40942854
2025-12-31 14:00:00,-0.32559448
2025-12-31 15:00:00,-0.20321888
2025-12-31 16:00:00,-0.09034192
2025-12-31 17:00:00,0.08457915
2025-12-31 18:00:00,0.1421785
2025-12-31 19:00:00,0.16869053
2025-12-31 20:00:00,0.13021329
2025-12-31 21:00:00,0.040953215
2025-12-31 22:00:00,-0.04441172
2025-12-31 23:00:00,-0.122589946
2026-01-01 00:00:00,-0.1975275
2026-01-01 01:00:00,-0.2595573
2026-01-01 02:00:00,-0.29586568
2026-01-01 03:00:00,-0.2293344
2026-01-01 04:00:00,-0.122846074
2026-01-01 05:00:00,-0.037493996
2026-01-01 06:00:00,0.032932058
2026-01-01 07:00:00,0.05878485
2026-01-01 08:00:00,0.007542313
2026-01-01 09:00:00,-0.08063996
2026-01-01 10:00:00,-0.15571897
2026-01-01 11:00:00,-0.23257448
2026-01-01 12:00:00,-0.30756584
2026-01-01 13:00:00,-0.3754362
2026-01-01 14:00:00,-0.40478247
2026-01-01 15:00:00,-0.32042038
2026-01-01 16:00:00,-0.18894881
2026-01-01 17:00:00,-0.067765824
2026-01-01 18:00:00,0.14008439
2026-01-01 19:00:00,0.22245638
2026-01-01 20:00:00,0.21998052
2026-01-01 21:00:00,0.1751118
2026-01-01 22:00:00,0.07694166
2026-01-01 23:00:00,-0.013772961
2026-01-02 00:00:00,-0.09805023
2026-01-02 01:00:00,-0.1783718
2026-01-02 02:00:00,-0.25307113
2026-01-02 03:00:00,-0.2944957
2026-01-02 04:00:00,-0.22755985
2026-01-02 05:00:00,-0.11427322
2026-01-02 06:00:00,-0.019399863
